{
  "name": "Ingestao_DataJud",
  "nodes": [
    {
      "parameters": {},
      "type": "n8n-nodes-base.manualTrigger",
      "typeVersion": 1,
      "position": [
        -352,
        -272
      ],
      "id": "bd4f95cb-2a5f-4577-9c7c-58affb4d4a5c",
      "name": "When clicking ‘Execute workflow’"
    },
    {
      "parameters": {
        "method": "POST",
        "url": "https://api-publica.datajud.cnj.jus.br/api_publica_tjgo/_search",
        "authentication": "genericCredentialType",
        "genericAuthType": "httpHeaderAuth",
        "sendBody": true,
        "specifyBody": "json",
        "jsonBody": "{\n  \"query\": { \"match_all\": {} },\n  \"size\": 200\n}",
        "options": {}
      },
      "type": "n8n-nodes-base.httpRequest",
      "typeVersion": 4.2,
      "position": [
        -128,
        -272
      ],
      "id": "724cf061-d728-4405-a299-4281afa8737a",
      "name": "HTTP Request",
      "credentials": {
        "httpHeaderAuth": {
          "id": "I6kpLzJ8etobLvE4",
          "name": "Header Auth account"
        }
      }
    },
    {
      "parameters": {
        "assignments": {
          "assignments": [
            {
              "id": "bff227dc-b74c-44a8-b1bb-c9f646c40c79",
              "name": "numero_processo",
              "value": "={{ $('Split Out').item.json._source.numeroProcesso }}",
              "type": "string"
            },
            {
              "id": "82492cf3-5edd-47bb-90e5-b75eaff72998",
              "name": "classe_processual",
              "value": "={{ $('Split Out').item.json._source.classe.nome }}",
              "type": "string"
            },
            {
              "id": "5b67ecf4-f2cc-4b84-9f15-0017883a26d8",
              "name": "orgao_julgador",
              "value": "={{ $('Split Out').item.json._source.orgaoJulgador.nome }}",
              "type": "string"
            },
            {
              "id": "a8e8a4b4-8d30-409c-b9b6-d7e1ed900eed",
              "name": "data_ajuizamento",
              "value": "={{ $('Split Out').item.json._source.dataAjuizamento }}",
              "type": "string"
            },
            {
              "id": "8d4e8c6d-ec0a-4e8f-b220-9a5a76741b7c",
              "name": "grau",
              "value": "={{ $('Split Out').item.json._source.grau }}",
              "type": "string"
            },
            {
              "id": "b7615ebc-2e91-4f34-bef1-dc367f05a269",
              "name": "existe",
              "value": "={{ $json.existe }}",
              "type": "string"
            }
          ]
        },
        "options": {}
      },
      "type": "n8n-nodes-base.set",
      "typeVersion": 3.4,
      "position": [
        384,
        -272
      ],
      "id": "3ee88816-d69a-4f46-8018-91c3c3a3827d",
      "name": "Prepare Data"
    },
    {
      "parameters": {
        "conditions": {
          "options": {
            "caseSensitive": true,
            "leftValue": "",
            "typeValidation": "strict",
            "version": 2
          },
          "conditions": [
            {
              "id": "2bb7a5eb-8c39-47f4-8449-032528e5ab68",
              "leftValue": "={{ $json.existe }}",
              "rightValue": "0",
              "operator": {
                "type": "string",
                "operation": "equals",
                "name": "filter.operator.equals"
              }
            }
          ],
          "combinator": "and"
        },
        "options": {}
      },
      "type": "n8n-nodes-base.if",
      "typeVersion": 2.2,
      "position": [
        544,
        -272
      ],
      "id": "5be02151-85a3-4d65-907c-f087df503df1",
      "name": "If"
    },
    {
      "parameters": {
        "fieldToSplitOut": "hits.hits",
        "options": {}
      },
      "type": "n8n-nodes-base.splitOut",
      "typeVersion": 1,
      "position": [
        32,
        -272
      ],
      "id": "47eb16bb-05d6-41d1-a56d-f0e10344184a",
      "name": "Split Out"
    },
    {
      "parameters": {
        "content": "## Cadeia de custódia\n",
        "height": 624,
        "width": 352
      },
      "type": "n8n-nodes-base.stickyNote",
      "position": [
        1168,
        -656
      ],
      "typeVersion": 1,
      "id": "4823d126-4bc3-4009-aa27-73c3ecae888f",
      "name": "Sticky Note"
    },
    {
      "parameters": {
        "content": "## Ingestão\nStaging\n",
        "height": 624,
        "width": 192,
        "color": 5
      },
      "type": "n8n-nodes-base.stickyNote",
      "position": [
        960,
        -656
      ],
      "typeVersion": 1,
      "id": "1bd83f97-48bb-488d-abf6-60169e847d09",
      "name": "Sticky Note1"
    },
    {
      "parameters": {
        "content": "## Coleta",
        "height": 624,
        "width": 512,
        "color": 4
      },
      "type": "n8n-nodes-base.stickyNote",
      "position": [
        -192,
        -656
      ],
      "typeVersion": 1,
      "id": "c6745b02-ba92-48f2-9f46-4a2b585814e9",
      "name": "Sticky Note2"
    },
    {
      "parameters": {
        "content": "## Pré-processamento",
        "height": 624,
        "width": 592,
        "color": 2
      },
      "type": "n8n-nodes-base.stickyNote",
      "position": [
        352,
        -656
      ],
      "typeVersion": 1,
      "id": "e780b913-1b5b-4de1-80f2-6901f477461c",
      "name": "Sticky Note3"
    },
    {
      "parameters": {
        "jsCode": "// Este node processa cada item recebido do node anterior\nreturn $('If').all().map(item => {\n  const raw = item.json.data_ajuizamento || \"\"; // ex: \"20250922161035\"\n  let normalizado = null;\n  \n  if (raw.length === 14) {\n    const ano  = raw.slice(0,4);\n    const mes  = raw.slice(4,6);\n    const dia  = raw.slice(6,8);\n    const hora = raw.slice(8,10);\n    const min  = raw.slice(10,12);\n    const seg  = raw.slice(12,14);\n\n    normalizado = `${ano}-${mes}-${dia} ${hora}:${min}:${seg}`;\n  }\n\n  // Retorna o item com a data normalizada (ou null)\n  return {\n    json: {\n      ...item.json,\n      data_ajuizamento: normalizado\n    }\n  };\n});"
      },
      "type": "n8n-nodes-base.code",
      "typeVersion": 2,
      "position": [
        832,
        -288
      ],
      "id": "210d7c93-d3db-4731-a99b-60a1c6519839",
      "name": "Transformação"
    },
    {
      "parameters": {
        "binaryPropertyName": "=data {{ $json.numero_processo }};{{ $json.classe_processual }};{{ $json.orgao_julgador }};{{ $json.data_ajuizamento }};{{ $json.grau }}",
        "options": {
          "fileName": "=export_datajud_{{ DateTime.now().toFormat(\"y-L-d_hh-mm\") }}.csv",
          "headerRow": true
        }
      },
      "type": "n8n-nodes-base.convertToFile",
      "typeVersion": 1.1,
      "position": [
        1008,
        -496
      ],
      "id": "1b164c41-8f56-4b28-ba8c-0af3800096a2",
      "name": "Export Inseridos",
      "alwaysOutputData": true,
      "notesInFlow": true
    },
    {
      "parameters": {
        "binaryPropertyName": "=data {{ $json.numero_processo }};{{ $json.classe_processual }};{{ $json.orgao_julgador }};{{ $json.data_ajuizamento }};{{ $json.grau }}",
        "options": {
          "fileName": "=export_datajud_{{ DateTime.now().toFormat(\"y-L-d_hh-mm\") }}.csv",
          "headerRow": true
        }
      },
      "type": "n8n-nodes-base.convertToFile",
      "typeVersion": 1.1,
      "position": [
        1008,
        -160
      ],
      "id": "02ac183e-00dd-4858-8d61-24c7e94794d5",
      "name": "Export pré-existentes",
      "alwaysOutputData": true,
      "notesInFlow": true
    },
    {
      "parameters": {
        "jsCode": "// Implementação pura de SHA-256 (sem crypto, sem TextEncoder)\n// Fonte: FIPS PUB 180-4 adaptada — rápida e compatível com sandbox n8n\nfunction sha256(ascii) {\n  function rightRotate(value, amount) {\n    return (value >>> amount) | (value << (32 - amount));\n  }\n\n  var mathPow = Math.pow;\n  var maxWord = mathPow(2, 32);\n  var lengthProperty = 'length';\n  var i, j; // variáveis\n  var result = '';\n\n  var words = [];\n  var asciiBitLength = ascii[lengthProperty] * 8;\n\n  var hash = sha256.h = sha256.h || [];\n  var k = sha256.k = sha256.k || [];\n  var primeCounter = k[lengthProperty];\n\n  var isComposite = {};\n  for (var candidate = 2; primeCounter < 64; candidate++) {\n    if (!isComposite[candidate]) {\n      for (i = 0; i < 313; i += candidate) {\n        isComposite[i] = candidate;\n      }\n      hash[primeCounter] = (mathPow(candidate, 0.5) * maxWord) | 0;\n      k[primeCounter++] = (mathPow(candidate, 1 / 3) * maxWord) | 0;\n    }\n  }\n\n  ascii += '\\x80';\n  while ((ascii[lengthProperty] % 64) - 56) ascii += '\\x00';\n  for (i = 0; i < ascii[lengthProperty]; i++) {\n    j = ascii.charCodeAt(i);\n    if (j >> 8) return;\n    words[i >> 2] |= j << (((3 - i) % 4) * 8);\n  }\n  words[words[lengthProperty]] = (asciiBitLength / maxWord) | 0;\n  words[words[lengthProperty]] = asciiBitLength;\n\n  for (j = 0; j < words[lengthProperty];) {\n    var w = words.slice(j, (j += 16));\n    var oldHash = hash;\n    hash = hash.slice(0, 8);\n\n    for (i = 0; i < 64; i++) {\n      var w15 = w[i - 15],\n        w2 = w[i - 2];\n\n      var a = hash[0],\n        e = hash[4];\n      var temp1 =\n        hash[7] +\n        (rightRotate(e, 6) ^ rightRotate(e, 11) ^ rightRotate(e, 25)) +\n        ((e & hash[5]) ^ (~e & hash[6])) +\n        k[i] +\n        (w[i] =\n          i < 16\n            ? w[i]\n            : (w[i - 16] +\n                (rightRotate(w15, 7) ^ rightRotate(w15, 18) ^ (w15 >>> 3)) +\n                w[i - 7] +\n                (rightRotate(w2, 17) ^ rightRotate(w2, 19) ^ (w2 >>> 10))) |\n              0);\n      var temp2 =\n        (rightRotate(a, 2) ^ rightRotate(a, 13) ^ rightRotate(a, 22)) +\n        ((a & hash[1]) ^ (a & hash[2]) ^ (hash[1] & hash[2]));\n\n      hash = [(temp1 + temp2) | 0].concat(hash);\n      hash[4] = (hash[4] + temp1) | 0;\n    }\n\n    for (i = 0; i < 8; i++) hash[i] = (hash[i] + oldHash[i]) | 0;\n  }\n\n  for (i = 0; i < 8; i++) {\n    for (j = 3; j + 1; j--) {\n      var b = (hash[i] >> (j * 8)) & 255;\n      result += (b < 16 ? 0 : '') + b.toString(16);\n    }\n  }\n  return result;\n}\n\n// Monta a string base\nconst base = [\n  $json.numero_processo || \"\",\n  $json.classe_processual || \"\",\n  $json.data_ajuizamento || \"\",\n  $json.grau || \"\"\n].join(\"|\");\n\n// Calcula o hash\nconst hash = sha256(base);\n\n// Retorna o item enriquecido\nreturn {\n  json: {\n    ...$json,\n    hash_registro_sha256: hash,\n    fonte: \"api_publica_tjto/_search\",\n    operador: \"n8n_lab\",\n    observacao: \"ingestão automática módulo II\"\n  }\n};"
      },
      "type": "n8n-nodes-base.code",
      "typeVersion": 2,
      "position": [
        1216,
        -384
      ],
      "id": "282d91e8-7b6e-42cd-853c-a704dd0db598",
      "name": "Hash"
    },
    {
      "parameters": {
        "schema": {
          "__rl": true,
          "mode": "list",
          "value": "public"
        },
        "table": {
          "__rl": true,
          "value": "custodia_ingestao",
          "mode": "list",
          "cachedResultName": "custodia_ingestao"
        },
        "columns": {
          "mappingMode": "defineBelow",
          "value": {
            "observacao": "={{ $json.observacao }}",
            "operador": "={{ $json.operador }}",
            "fonte": "={{ $json.fonte }}",
            "hash_registro_sha256": "={{ $json.hash_registro_sha256 }}",
            "numero_processo": "={{ $json.numero_processo }}"
          },
          "matchingColumns": [],
          "schema": [
            {
              "id": "id_log",
              "displayName": "id_log",
              "required": false,
              "defaultMatch": false,
              "display": true,
              "type": "number",
              "canBeUsedToMatch": true,
              "removed": true
            },
            {
              "id": "numero_processo",
              "displayName": "numero_processo",
              "required": false,
              "defaultMatch": false,
              "display": true,
              "type": "string",
              "canBeUsedToMatch": true
            },
            {
              "id": "hash_registro_sha256",
              "displayName": "hash_registro_sha256",
              "required": false,
              "defaultMatch": false,
              "display": true,
              "type": "string",
              "canBeUsedToMatch": true
            },
            {
              "id": "fonte",
              "displayName": "fonte",
              "required": false,
              "defaultMatch": false,
              "display": true,
              "type": "string",
              "canBeUsedToMatch": true
            },
            {
              "id": "timestamp_execucao",
              "displayName": "timestamp_execucao",
              "required": false,
              "defaultMatch": false,
              "display": true,
              "type": "dateTime",
              "canBeUsedToMatch": true
            },
            {
              "id": "operador",
              "displayName": "operador",
              "required": false,
              "defaultMatch": false,
              "display": true,
              "type": "string",
              "canBeUsedToMatch": true
            },
            {
              "id": "observacao",
              "displayName": "observacao",
              "required": false,
              "defaultMatch": false,
              "display": true,
              "type": "string",
              "canBeUsedToMatch": true
            }
          ],
          "attemptToConvertTypes": false,
          "convertFieldsToString": false
        },
        "options": {}
      },
      "type": "n8n-nodes-base.postgres",
      "typeVersion": 2.6,
      "position": [
        1376,
        -384
      ],
      "id": "56737504-b87c-495f-b59d-5a41f4c36f68",
      "name": "Cadeia de Custódia",
      "credentials": {
        "postgres": {
          "id": "9f0axvmbRSPPPsiD",
          "name": "Postgres account"
        }
      }
    },
    {
      "parameters": {
        "schema": {
          "__rl": true,
          "mode": "list",
          "value": "public"
        },
        "table": {
          "__rl": true,
          "value": "staging_datajud",
          "mode": "list",
          "cachedResultName": "staging_datajud"
        },
        "columns": {
          "mappingMode": "defineBelow",
          "value": {
            "numero_processo": "={{ $json.numero_processo }}",
            "orgao_julgador": "={{ $json.orgao_julgador }}",
            "classe_processual": "={{ $json.classe_processual }}",
            "data_ajuizamento": "={{ $json.data_ajuizamento }}",
            "grau": "={{ $json.grau }}"
          },
          "matchingColumns": [],
          "schema": [
            {
              "id": "id_staging",
              "displayName": "id_staging",
              "required": false,
              "defaultMatch": false,
              "display": true,
              "type": "number",
              "canBeUsedToMatch": true,
              "removed": true
            },
            {
              "id": "numero_processo",
              "displayName": "numero_processo",
              "required": false,
              "defaultMatch": false,
              "display": true,
              "type": "string",
              "canBeUsedToMatch": true
            },
            {
              "id": "classe_processual",
              "displayName": "classe_processual",
              "required": false,
              "defaultMatch": false,
              "display": true,
              "type": "string",
              "canBeUsedToMatch": true
            },
            {
              "id": "orgao_julgador",
              "displayName": "orgao_julgador",
              "required": false,
              "defaultMatch": false,
              "display": true,
              "type": "string",
              "canBeUsedToMatch": true
            },
            {
              "id": "data_ajuizamento",
              "displayName": "data_ajuizamento",
              "required": false,
              "defaultMatch": false,
              "display": true,
              "type": "dateTime",
              "canBeUsedToMatch": true
            },
            {
              "id": "grau",
              "displayName": "grau",
              "required": false,
              "defaultMatch": false,
              "display": true,
              "type": "string",
              "canBeUsedToMatch": true
            },
            {
              "id": "inserido_em",
              "displayName": "inserido_em",
              "required": false,
              "defaultMatch": false,
              "display": true,
              "type": "dateTime",
              "canBeUsedToMatch": true,
              "removed": true
            }
          ],
          "attemptToConvertTypes": false,
          "convertFieldsToString": false
        },
        "options": {}
      },
      "type": "n8n-nodes-base.postgres",
      "typeVersion": 2.6,
      "position": [
        1008,
        -336
      ],
      "id": "2d9313f0-1032-47bc-bb73-5578330aa258",
      "name": "Insert Staging",
      "credentials": {
        "postgres": {
          "id": "9f0axvmbRSPPPsiD",
          "name": "Postgres account"
        }
      }
    },
    {
      "parameters": {
        "operation": "executeQuery",
        "query": "SELECT COUNT(*) AS existe\nFROM staging_datajud\nWHERE numero_processo = '{{ $json._source.numeroProcesso }}';",
        "options": {}
      },
      "type": "n8n-nodes-base.postgres",
      "typeVersion": 2.6,
      "position": [
        192,
        -272
      ],
      "id": "efedc7a0-006a-4d2f-978e-42b7b88acee4",
      "name": "Verificação de itens existentes",
      "credentials": {
        "postgres": {
          "id": "9f0axvmbRSPPPsiD",
          "name": "Postgres account"
        }
      }
    }
  ],
  "pinData": {},
  "connections": {
    "HTTP Request": {
      "main": [
        [
          {
            "node": "Split Out",
            "type": "main",
            "index": 0
          }
        ]
      ]
    },
    "Prepare Data": {
      "main": [
        [
          {
            "node": "If",
            "type": "main",
            "index": 0
          }
        ]
      ]
    },
    "If": {
      "main": [
        [
          {
            "node": "Transformação",
            "type": "main",
            "index": 0
          },
          {
            "node": "Export Inseridos",
            "type": "main",
            "index": 0
          }
        ],
        [
          {
            "node": "Export pré-existentes",
            "type": "main",
            "index": 0
          }
        ]
      ]
    },
    "When clicking ‘Execute workflow’": {
      "main": [
        [
          {
            "node": "HTTP Request",
            "type": "main",
            "index": 0
          }
        ]
      ]
    },
    "Split Out": {
      "main": [
        [
          {
            "node": "Verificação de itens existentes",
            "type": "main",
            "index": 0
          }
        ]
      ]
    },
    "Transformação": {
      "main": [
        [
          {
            "node": "Insert Staging",
            "type": "main",
            "index": 0
          }
        ]
      ]
    },
    "Hash": {
      "main": [
        [
          {
            "node": "Cadeia de Custódia",
            "type": "main",
            "index": 0
          }
        ]
      ]
    },
    "Cadeia de Custódia": {
      "main": [
        []
      ]
    },
    "Insert Staging": {
      "main": [
        [
          {
            "node": "Hash",
            "type": "main",
            "index": 0
          }
        ]
      ]
    },
    "Verificação de itens existentes": {
      "main": [
        [
          {
            "node": "Prepare Data",
            "type": "main",
            "index": 0
          }
        ]
      ]
    }
  },
  "active": false,
  "settings": {
    "executionOrder": "v1"
  },
  "versionId": "4def5fc6-a189-4cb2-9d47-d83b56d28f5b",
  "meta": {
    "templateCredsSetupCompleted": true,
    "instanceId": "9097195d09b548362076551d056e3154b53af62214613138b0ee5388ab9b37fc"
  },
  "id": "PiqvqW8nXbbMf5mZ",
  "tags": []
}